producto,descripcion,unidad,cantidad,importe
AL8020-11,ALAMBRE 8020 CAL.11,MT,348,21000
AL8020-13,ALAMBRE 8020  CAL.13,MT,184,7040
AL8020-16,ALAMBRE 8020 CAL.16,M,46,895
AL8020-20,ALAMBRE 8020 CAL.20,MT,789.032,6223.83
AL8020-23,ALAMBRE 8020 CAL.23,MT,4039.455,15847.01
AL8020-24,ALAMBRE 8020 CAL.24,MT,1875.465,5942.7
AL8020-26,ALAMBRE 8020 CAL.26,MT,5645.268,11362.68
AL8020-27,ALAMBRE 8020 CAL.27,MT,8014.193,12903.06
AL8020-28,ALAMBRE 8020 CAL.28,MT,2996,3900
AL8020-29,ALAMBRE 8020 CAL.29,MT,12484.71,13015
ALDSD-19,ALAMBRE DSD CAL.19,M,1229.76,2764.03
ALDSD-20,ALAMBRE DSD CAL.20,M,1544.336,2871.41
ALDSD-5,ALAMBRE DSD CAL.5,M,21.2,1097.1
ALEK14,"ELEMENTO TERMOPAR TIPO K"" CAL.14""",MT,115,9660
ALEK8,"ELEMENTO TERMOPAR TIPO K"" CAL.8""",MT,60,19140
CABFV-10200°,CABLE FV C/SILICON CAL.10 200°,MT,100,2637
CABFV-12200°,CABLE FV C/SILICON CAL.12 200°,MT,100,1768
CABFV-12250°,CABLE FV CAL.12-250°,MT,700,20579
CABFV-14250°,CABLE FV CAL.14-250°,MT,300,6032
CABFV-16250°,CABLE FV CAL.16-250°,MT,200,2870
CABFV-20250°,CABLE FV CAL.20-250°,M,100,895
CABFVNP-12,CABLE FV CAL.12-500°,MT,200,16008
CABFVNP-14,CABLE FV CAL.14-500°,MT,300,16200
CABFVNP-8,CABLE FV CAL.8-500°,MT,200,34096
CABFVS14,CABLE FV C/SILICON CAL.14 200°,M,100,1233
CER0033,CERAMICO PASA CABLE 13MM,pz,500,7500
CERCAF-1/4,CERAMICO CAFE P/CARTUCHO 1/4X10 CM 5.6 Ø,PZ,1000,10000
CERCAR 1/2,"CERAMICO P/CARTUCHO 6 BARR 1/2""	TUS""",PZ,375,2625
CERCAR 5/8,CERAMICO 12.5MMØX15CM 7 BAR 2.8MMØ,PZ,1100,8900
CIFV0001,CINTA FIV AISLANTE  TUK 12 MM,PZ,38,7980
CIFV0002,CINTA FIV AISLANTE TUK 18 MM,PZ,14,4480
CIN803.18X0.100,CINTA NICROMEL 3.18X0.100X4 OHM,M,860,5410
CIN803.1X.254,CINTA NICROMEL 3.1X0.254X1.4 OHM,M,1285.76,21737.38
CIN803.1X0.254,CINTA NICROMEL 3.1X0.254X1.4 OHM,M,214,5410
CIN803.90X0.127,CINTA NICROMEL 3.9X0.127X2.3 OHM,M,251,2705
CIN804.70X.203,CINTA NICROMEL 4.7X0.203X1.2 OHM,M,214,6778
ESPGFVS-1/4,"ESPAGUETI FV C/SILICON 250° 1/4""(6mm)",M,20,192
"ESPGFVS-1/8""","ESPAGUETI FV C/SILICON 250° 1/8""(3mm)",M,20,90
FOPI220,FOCO PILOTO 220V = 240V,PZ,50,250
HUSI3/4X3/8,"HULE SILICON 3/4"" X 3/8""",M,2,190
HUSIRJ1/2X1/4,"HULE SILICON ROJO 1/2X1/4""	TUS""",MT,29,1160
INDAM127V,INDICADOR AMARILLO 127V,PZ,15,315
KULKA8PARES,KULKA 8 PARES 30 AMPERES,PZ,10,600
OXIMAGCAR,OXIDO DE MAGNESIO P/CARTUCHOS BLEND 8221,KG,200,14800
PERCER-517,PERLA CERAMICA MOD 517,PZ,3000,450
PERCER-568,PERLA CERAMICA MOD 568,PZ,2000,300
PERCER 3620,PERLA CERAMICA MOD 3620,PZ,3000,720
REST-FLEX40OHMS,RESISTENCIA FLEXIBLE DE 40 OHMS,M,15,450
TE0025,TERMOSTATO CAEM B/C 30° A 110°C,PZ,20,3017.3
TE0026,TERMOSTATO CAEM B/C 50° A 300°C,PZ,20,3017.2
TE0033,TERMOSTATO ULANET 119,PZ,20,800
TE0052,TERMOSTATO R.SHAW B/C 15° A 120°,PZ,11,10905.18
TE0054,TERMOSTATO R. SHAW B/C 50° A 300°C,PZ,16,15862.08
TE0062,TERMOSTATO INFINITO 120V,PZ,40,10862
TE0063,TERMOSTATO INFINITO 240V,PZ,20,4525.8
TM0059,TERMOSTATO 3 CALORES,PZ,8,862.08
TOPE10-12,TOPE A.T. CAL.12-10,PZ,300,990
TOPE14-16,TOPE A.T. CAL 16-14,PZ,800,2640
TOPE18-22,TOPE A.T. CAL.18-22,PZ,20,66
TUBCUARZO1/4,"TUBO DE CUARZO OPACO 1/4 ""TUS""",M,1,206
TUBOASTREADO,TUBO ASTREADO 120/2 øEXT15MMx7MM INTX30L,pz,5,320
VA00125,CINTA NIQUEL 9.5X102.DE ESPESOR,M,30,1016.7
VA00187,TUBO CERAMICO LISO 25mmx20mmX30cms LONG,PZ,5,645
VA00223,CABLE CON SILICON CALIBRE 4,M,5,735
VA00303,RES. T/DISCO 43MMINT 100MMEXT 540W 120V,PZ,2,474
VA00346,CINTA NICROMEL 7.94 X 0.203,M,1,3389
VA00354,REPUESTO P/RESISTENCIA MODELO HAS-014K,PZ,2,1240
VA00367,REPUESTO P/PISTOLA MASTER MOD. HG-301A,PZ,4,2480
VA00369,MANGUERA DE SILICON 7MMøINT X 3/8 EXT,PZ,10,700
VAR0010,CLAVIJA HEMBRA T/INDUSTRIAL P/CERAMICA,PZ,10,750
ZAP0028,ZAPATA ESPADA A.T CAL 12-10,PZ,500,2000
CABFV-8,CABLE FV CAL.8-250°,MT,100,7920
CABFVNP-12,CABLE FV CAL.12-500°,MT,100,7370
CABFVNP-14,CABLE FV CAL.14-500°,MT,200,9960
CABLEK20,CABLE P/TERMOPAR MALLA TK CAL.20,MT,200,7180
CABP1003HILOSM,CABLE P/PT100 3 HILOS MALLA CAL.24,M,400,9110
CABPT100 3 HILOS,CABLE P/PT100 3 HILOS FORRO TEFLON CAL24,MT,300,5620
CABTERFVCK-16,"CABLE P/TERMOPAR FV TIPO K"" CAL.16""",M,300,28920
CABTERFVCK-20,"CABLE P/TERMOPAR FV TIPO K"" CAL.20""",M,200,4900
CABTERJPVC-20,CABLE P/TERMOPAR PVC TJ CAL.20,M,200,3240
CABTERKPVC-20,CABLE P/TERMOPAR PVC TK CAL.20,M,400,9160
CABTERMS-20,CABLE P/TERMOPAR MALLA TJ CAL.20,MT,200,4940
CABTERTJ-20,CABLE P/TERMOPAR TEFLON  TJ CAL.20,M,200,6000
CABTERTJ-24,CABLE P/TERMOPAR MALLA TJ CAL. 24,MT,100,1460
CABTERTPVC-20,CABLE P/TERMOPAR PVC TT CAL.20,M,1100,26730
CERAISON-14-28,CERAMICO OVALADO P/ ELEMENTO C-14- 2 BAR,PZ,300,2109
CORTETUBO,CORTE DE TUBO,pz,5,60
RIRA0031,RESISTENCIA INF. 400W 230V,PZ,6,3552
SENPT100,BULBOS RTD PT-100 CLASE B,PZ,250,12165
SOGUI-3/16,"SOGUILLA 3/16"" TRENZADA ESTAÑADA INOX",MT,100,3120
TE0093,TERMOSTATO P/PRECALENTADOR SIN CAJA,pz,6,1578
TUINC5/8,"TUBO TIPO ""S"" INCOLOY 5/8"" Ø",MT,54.9,15097.5
VA00380,CABLE CALEFACTOR MALLA METALICA 230V,M,14,10080
AL8020-10,ALAMBRE 8020 CAL.10,M,69,5216.55
AL8020-11,ALAMBRE 8020 CAL.11,MT,290,19495.4
AL8020-12,ALAMBRE 8020 CAL.12,MT,355.2,16692.96
AL8020-14,ALAMBRE 8020 CAL.14,MT,783,22605.05
AL8020-15,ALAMBRE 8020 CAL.15,M,124.1,2778.43
AL8020-16,ALAMBRE 8020 CAL.16,M,1536.4,27293.98
AL8020-18,ALAMBRE 8020 CAL.18,MT,626.4,6661.02
AL8020-19,ALAMBRE 8020 CAL.19,MT,3328.56,28195.12
AL8020-20,ALAMBRE 8020 CAL.20,MT,5630.64,36912.18
AL8020-21,ALAMBRE 8020 CAL.21,MT,5256,22478.43
AL8020-22,ALAMBRE 8020 CAL.22,MT,14892.84,62577.22
AL8020-23,ALAMBRE 8020 CAL.23,MT,8197.95,31290.15
AL8020-24,ALAMBRE 8020 CAL.24,MT,4161.83,12715.49
AL8020-25,ALAMBRE 8020 CAL.25,MT,3907.2,9704.69
AL8020-26,ALAMBRE 8020 CAL.26,MT,12056.76,24202.54
AL8020-28,ALAMBRE 8020 CAL.28,MT,11984,17927.28
AL8020-30,ALAMBRE 8020 CAL.30,MT,17542.26,26802.83
ALDSD-12,ALAMBRE DSD CAL.12,M,1850,12092.2
ALDSD-14,ALAMBRE DSD CAL.14,M,275,990
ALDSD-15,ALAMBRE DSD CAL.15,M,246,744.63
ALDSD-19,ALAMBRE DSD CAL.19,M,1243.2,1172.16
ALDSD-20,ALAMBRE DSD CAL.20,M,1656.9,1247.4
ALDSD-6,ALAMBRE DSD CAL.6,M,402.5,8729.56
ALDSD-8,ALAMBRE DSD CAL.8,MT,2440.5,38055.85
APAGADOR RATA,APAGADOR COLA DE RATA 600,PZ,20,709.2
BCERCOCM2,BLOCK CONEXIÒN P/CABEZA MARINA 2 TERMINA,PZ,20,800.8
BCERCOCM4,BLOCK CONEXIÓN P/ CABEZA MAR 4 TERM,PZ,15,686.4
BUS3/4X1/2X1 1/2,"BUSHING DE LATON 3/4X1/2X1 1/2 ""TUS""",PZ,100,4811
BUSLAT1/2X5/16X1,"BUSHING DE LATON  1/2X5/16X1""	TUS""",PZ,250,7807.5
BUSLAT3/4X1/2X1,"BUSHING DE LATON 3/4X1/2X1""	TUS""",PZ,100,5352
BUSLAT5/5X7/16,"BUSHING DE LATON 5/8X7/16X1""	TUS""",PZ,525,18742.5
BUSLAT5/8X5/16X1,"BUSHING DE LATON 5/8X5/16X1""	TUS""",PZ,50,1970
CABFV-10,CABLE FV CAL.10-300°,M,800,36132.25
CABFV-10200°,CABLE FV C/SILICON CAL.10 200°,MT,300,8761.5
CABFV-10250°,CABLE FV CAL.10-250°,M,800,37393.3
CABFV-12200°,CABLE FV C/SILICON CAL.12 200°,MT,200,3974.4
CABFV-12250°,CABLE FV CAL.12-250°,MT,700,23398.97
CABFV-14250°,CABLE FV CAL.14-250°,MT,300,6339.39
CABFV-16250°,CABLE FV CAL.16-250°,MT,400,5952.52
CABFV-18250°,CABLE FV CAL.18-250°,MT,400,3488.22
CABFV-18500°,CABLE FV CAL.18-500°,M,1700,35821.9
CABFV-20500°,CABLE FV CAL.20-500°,M,600,9955.1
CABFV-8,CABLE FV CAL.8-250°,MT,200,15410.08
CABFVNP-10,CABLE FV CAL.10-500°,MT,800,84692.52
CABFVNP-12,CABLE FV CAL.12-500°,MT,1000,70322.5
CABFVNP-14,CABLE FV CAL.14-500°,MT,800,35767.8
CABFVNP-16,CABLE FV CAL.16-500°,MT,2000,61580.6
CABFVNP-8,CABLE FV CAL.8-500°,MT,200,33633.36
CABFVS14,CABLE FV C/SILICON CAL.14 200°,M,200,2550.6
CABFVS16,CABLE FV C/SILICON CAL.16 200°,MT,200,1645.2
CABLEK20,CABLE P/TERMOPAR MALLA TK CAL.20,MT,1500,54303.6
CABMARSTD,CABEZA MARINA DE ALUMINIO STD,PZ,105,17657.85
CABPT100 3 HILOS,CABLE P/PT100 3 HILOS FORRO TEFLON CAL24,MT,200,10782.48
CABPT100T4,CABLE P/PT100 4 HILOS CAL.24  TEFLON,M,400,25370.52
CABTERMS-20,CABLE P/TERMOPAR MALLA TJ CAL.20,MT,2000,55060.54
CER0022,BLOCK CERAMICO 2 PARES 10 AMP,PZ,50,858
CER0023,BLOCK CERAMICO 2 PARES 30 AMP,PZ,80,1798.1
CER0024,BLOCK CERAMICO 2 PARES 5 AMP,PZ,50,572
CER0026,BLOCK CERAMICO 3 PARES 30 AMP,PZ,50,1201
CERCAF3/18X15CM,CERAMICO CAFE P/CARTUCHO 3/8X15 CM,PZ,300,1887
CERCAR 5/8,CERAMICO 12.5MMØX15CM 7 BAR 2.8MMØ,PZ,2082,18342.42
CERCAR3/4,CERAMICO 17MMØX10CM 7 BARRE 4MMØ,PZ,1928,23155.28
CERTCH34X101-6,CERAMICO T/CHOCOLATE 34MM X 101MM X 7MM,PZ,600,5022
CERTRENR2,CERAMICO T/TREN RANURADO 2 BARR,PZ,1000,2516.91
CERTRENR6,CERAMICO T/TREN RANURADO 6 BARR,PZ,500,2551.25
CIN80.1.588X.170,CINTA NICROMEL 1.58X0.170X4.39 OHM,M,1.71,7024
CIN80.3.97X0.101,CINTA NICROMEL 3.97X0.101X2.8 OHM,M,2.88,14743.9
CIN803.18X.127,CINTA NICROMEL 3.18X0.127X2.8OHMS,pz,3.07,4491.41
CIN804.5X.25,CINTA NICROMEL 4.5X.25X.969 OHM,M,389.48,5405.33
CIN804.70X.203,CINTA NICROMEL 4.7X0.203X1.2 OHM,M,1393.14,42847
CIN804.76X0.127,CINTA NICROMEL 4.76X0.127X2.16 OHM,MT,4.75,16336.96
CONECAZUL,TOPE A.T.  FORRO ZAUL CAL. 16-14,PZ,400,311.16
ESPG-12,ESPAGUETI F.V. C/ACRILICO 12MM Ø,MT,100,2520.36
ESPGS-5,ESPAGUETI FV C/SILICON 5MM Ø,MT,100,750.49
FOPI120,FOCO PILOTO 127V PB1 ROJO,PZ,40,450
FOPI220,FOCO PILOTO 220V = 240V,PZ,25,306.5
KULKA4PARES,KULKA 4 PARES 30 AMPERES,pz,15,583.95
MIC-0.4,MICA RIGIDA GRIS 1MT X 1.20 MT,M2,108,9418
MIC-0.5,MICA RIGIDA VERDE 1MT X 1.20 MT,M2,48,4356
MIC-0.5G,MICA RIGIDA GRIS 0.5 1M X 1.20 MT,pz,40,4356
MNV05X120X100,HOJA MICANITA COL VERDE 0.5mmX120X100CMS,M2,96,8712
OXIMAGTUB,OXIDO DE MAGNESIO P/TUBULARES,KG,925,175710
PLACA8CANALES,PLACA CERAMICA ACANALADA 8 CANALES,pz,40,2800
PLACER4X4X1/2,"PLACA CERAMICA 10 CANALES 4""X4""X1/2"" ESP",PZ,2,86
REMCAR-1/2,"REMATE P/ CARTUCHO 1/2""	TUS""",PZ,400,596
REMCAR-3/4,"REMATE P/ CARTUCHO 3/4""	TUS""",PZ,300,927
REMCAR-518,"REMATE P/ CARTUCHO 5/8""	TUS""",PZ,500,1030
REMCAR3/8,"REMATE P/ CARTUCHO 3/8""	TUS""",PZ,200,196
RIRA0027,RESISTENCIA INF. 1000W 230V,PZ,35,11812.5
RONMI3/16X1/2,"RONDANA/MICA RIGIDA 1/2ØEXT X 3/16""ØINT""",KG,6,4020
TAPCRTBL,TAPON LATON TIPO BOILER,PZ,20,1340.6
TAPLAT1,"TAPON LATON 1 NPT""",PZ,30,6469.8
TAPLAT1 1/4,"TAPON  DE LATON NPT  1 ' 1/4""	TUS""",PZ,20,6246.6
TAPLAT21/2,"TAPON LATON  NPT 2 1/2""	TUS""",PZ,17,17133.11
TAPLAT2NPT,"TAPON LATON NPT  2""	TUS""",PZ,29,17899.67
TAPLATPUMA,TAPON LATON TIPO PUMA,PZ,10,1636.1
TE0025,TERMOSTATO CAEM B/C 30° A 110°C,PZ,15,2115
TE0033,TERMOSTATO ULANET 119,PZ,20,663.2
TE0063,TERMOSTATO INFINITO 240V,PZ,15,4095
TE0064,TERMOSTATO B/CORTO B200,PZ,15,5233.95
TE0065,TERMOSTATO  B/LARGO B200,PZ,10,3660.9
TERCON-3/16,"TERMOCONTRACTIL DE 3/16Ø""",MT,300,1314.66
TERCON-3/8,"TERMOCONTRACTIL DE 3/8Ø""",MT,100,691.92
"TERCON1""","TERMOCONTRACTIL DE 1"" ø (3/4)",pz,4,143.48
TM0061,TERMOSTATO R. SHAW D1 B/L 50° A 300°C,PZ,2,6871.16
TM0062,TERMOSTATO R. SHAW D1 B/C 50° A 300° C,PZ,1,3435.58
TOPE10-12,TOPE A.T. CAL.12-10,PZ,400,1098.32
TOPE14-16,TOPE A.T. CAL 16-14,PZ,400,759.64
TPV0020,"CLAVIJA MACHO MINI T""""",PZ,1920,48906
TPV0021,"CLAVIJA HEMBRA MINI T""""",PZ,110,3146
TPV003,"CLAVIJA MACHO MINI K""""",PZ,476,10304.64
TPV004,"CLAVIJA HEMBRA MINI K""""",PZ,20,457.6
TPV0041,"CLAVIJA HEMBRA STD R""""",PZ,20,988.2
TPV006,"CLAVIJA MINI MACHO J""""",PZ,80,1830.4
TPV007,"CLAVIJA HEMBRA STD J""""",PZ,40,1999.6
TPV008,"CLAVIJA MACHO STD J""""",PZ,160,7998.4
TPV011,CLAVIJA MACHO  STD PT100,PZ,35,3083.15
TPV012,CLAVIJA HEMBRA STD PT100,PZ,15,1321.5
TU1/2X120V3000W,"TUBULAR ""U"" 1/2""øX50CM 3000W 120V",pz,1,339.79
"TUINOX1""304C","TUBING ACERO INOX TIPO 304 -  1"" Ø",MT,420,60361.2
TUINOX1/2T304C,"TUBING ACERO INOX TIPO 304 - 1/2"" Ø",MT,120,6744
"TUINOX3/4""T-304C","TUBING ACERO INOX TIPO 304 - 3/4"" Ø",MT,120,11262
TUINOX3/8T304C,"TUBING ACERO INOX TIPO 304 - 3/8"" Ø",MT,1110,40692.6
TUINOX5/8T304C,"TUBING ACERO INOX TIPO 304 - 5/8"" Ø",MT,120,8484
TUPLINOX3/16X1/4,"TUBO PLICA INOX Ø INT 3/16 EXT 1/4""""",MT,100,6555
VA00001,PLACA CERAMICA ACANALADA DE 8 CANALES,pz,37,2590
VA00044,CABLE FIBRA DE VIDRIO C/SILICON CAL. 6,M,50,3894
VA00088,"TUB. INOX. 7/16""Øx50CMS 3000W 220VBUSHIN",PZ,1,283.73
VA00092,CONTROL TEMPERATURA MOD. XMTG-808,PZ,1,652.11
VA00100,DISCO INOX 82EXT.x7mmINTER 300W 127V,PZ,3,534
VA00109,KULKA DE 12 PARES PARA 20 AMPERES.,pz,1,86.03
VA00204,ESPAGUETI C/SILICON DE 10mm. Ø,M,10,183
VA00318,TABLILLA KULKA DE12 PARES 15 AMPERES,PZ,70,5413.1
VA00343,TABLILLA KULKA DE 10 PARES 30 AMPERS,PZ,11,535.81
VA00352,AMPERIMETRO 0 A 30,PZ,1,148.5
VA00353,ESPAGUETI C/SILICN 7MM Ø,M,20,250.8
VA00372,RESISTENCIA T/DISCO INOX DE 76MM X 150MM,pz,1,352
VA00373,RESISTENCIA T/DISCO INOX DE 154MM X 217M,pz,1,407
VA00374,RESISTENCIA T/DISCO INOX DE 218MM X 280M,pz,1,443.9
VAR00105,CLAVIJA HEMBRA T/PLANCHA SILICON ROJO,PZ,20,1830.6
VAR0011,CLAVIJA MACHO T/PLANCHA,PZ,15,574.95
VAR009,CLAVIJA HEMBRA T/PRESTO BAQUELITA,PZ,40,2831.2
XMTG818,CONTROLADOR DE TEMPERATURA MCA. YUYAO,PZ,12,7825.32
ZA00014,ZAPATA AISLADA ROJA T/PIN CAL.18,PZ,300,37.74
ZAP0002,ZAPATA OJILLO A.T. DESNUDA CAL 8,PZ,2100,10571.19
ZAP0004,ZAPATA OJILLO A.T. DESNUDA CAL 14-16,PZ,2000,3798.2
ZAP0008,ZAPATA AISLADA ROJA ESPADA CAL 16-22,PZ,2200,1057.1
ZAP0012,ZAPATA FASTON INOX  A.T. HEMBRA C.10-12,PZ,300,796.29
ZAP0028,ZAPATA ESPADA A.T CAL 12-10,PZ,1000,2608.5
ZAP0041,ZAPATA OJILLO A.T. CAL 10-12,PZ,6500,16955.25
ZAP0103,ZAPATA OJILLO A.T. CAL 6,PZ,200,2105.04
BARNIZ,BARNIZ A.ROJO SEC.AIRE IDI 400C,L,1,147.6
ESPG-2,ESPAGUETI F.V. C/ACRILICO 2MM Ø,MT,200,486
VA00353,ESPAGUETI C/SILICN 7MM Ø,M,20,468
AEROPACK-J-1/16,"AEROPACK TIPO J DE Ø1/16""",MT,3,204
AEROPACK-K-1/16,"AEROPACK TIPO K DE Ø 1/16""",MT,5,425
ALEJ14,"ELEMENTO TERMOPAR TIPO J"" CAL.14""",MT,10,1600
ALEJ8,"ELEMENTO TERMOPAR TIPO J"" CAL.8""",MT,10,2510
ALEK14,"ELEMENTO TERMOPAR TIPO K"" CAL.14""",MT,60,3690
ALEK8,"ELEMENTO TERMOPAR TIPO K"" CAL.8""",MT,95,27410
BCERCOCM2,BLOCK CONEXIÒN P/CABEZA MARINA 2 TERMINA,PZ,20,1600
BCERCOCM3,BLOCK CONEXIÓN P/CABEZA MAR MINI 3 TERM,PZ,20,1500
BCERCOCMM3,BLOCK CONEXIÒN P/ CABEZA MAR 3 TERM,PZ,30,3000
BCERCOCMM4,BLOCK CONEXIÓN P/CABEZA MAR MINI 4 TERM,PZ,20,2560
CABP1003HILOSM,CABLE P/PT100 3 HILOS MALLA CAL.24,M,100,6000
CABPT100 3 HILOS,CABLE P/PT100 3 HILOS FORRO TEFLON CAL24,MT,200,7600
CABPT1003HILOSMT,CABLE P/PT100 3 HILOS MALLA/TEFLON C24,MT,100,5300
CER0126,"TUBO CERAMICO FUNDA 17MMØ X 36 LONG""",PZ,6,4104
CERA150V-8-2B,"CERAMICO OVALADO P/ELEMENTO CAL.8,2 BARR",PZ,200,1500
CERA158-43,AISLADOR P/ELEMENTO CAL.8 - 4 BARR.,PZ,200,6600
CERAISON-14-28,CERAMICO OVALADO P/ ELEMENTO C-14- 2 BAR,PZ,300,1800
CERAISOV-8-2B,CERAMICO OVALADO P/ELEMENTO CAL 8 2 BARR,PZ,300,2250
SOGUI-1/4,SOGUILLA 1/4(6MM) TRENZADA ESTAÑADA INOX,MTS,100,5000
SOGUI-3/16,"SOGUILLA 3/16"" TRENZADA ESTAÑADA INOX",MT,100,4000
VA00084,"FUNDA CARBURO DE SILICIO 1.1/4""ØX18""",PZ,4,5300
VA00360,RESISTENCIA VARIABLE 7.5 KILOHMS 100W,PZ,2,627.4
VA00361,RESISTENCIA VARIABLE 10 KILOHMS 100W,PZ,2,480
70007581,"CART. ALTA 1/4 Ø X12 CON 30 CM 200W 24V""",PZ,14,7522.9
CAJAGRISRESIS,CAJA GRIS P/RESISTENCIA DE GALVANOPLASTI,pz,2,1500
CER-CA-058,"CERAMICO P/TUBO DE CUARZO 5/8"" CA-058",PZ,30,1200
"CER-CA-1/2""","CERAMICO P/TUBO DE CUARZO 1/2""",pz,30,1050
CER-CA-3/4,"CERAMICO P/TUBO DE CUARZO 3/4""",pz,30,1350
CER-CA-3/8,"CERAMICO P/TUBO DE CUARZO 3/8""",pz,30,900
CERALT 51/,CERAMICO 12.1MMØX25CM 4 BARRENOS,PZ,200,8400
CERALT1/2,CERAMICO 9.5MMØX20CM 4 BARRENOS,PZ,400,14800
CERALT3/8,CERAMICO 6MMØX20CM 4 BARRENOS,PZ,600,16800
CERALT5/16,CERAMICO 5MMØX20CM 4 BARRENOS,PZ,100,3500
CERSEP 1/2,"CERAMICO SEPARADOR P/CARTUCHO  ALTA 1/2""",PZ,200,1800
CERSEP5/8,"CERAMICO SEPARADOR P/CARTUCHO ALTA 5/8""",PZ,300,3600
PLACER19CENTR,PLACA CERAMICA 19 CENTRO,PZ,9,12060
PLACER19INI,PLACA CERAMICA MOD. 19 INICIO,PZ,2,2680
PLACER19RET,PLACA CERAMICA MOD. 19 RETORNO,PZ,2,2680
SAURENSEN,CEMENTO SAURENSEN,KG,20,16950
VA00140,CART INOX 11.5mm Øx300mm 400W 50V,PZ,8,7976.8
VA00349,"TERMOPAR ""K"" 1/4Ø X 1MT LARGO",PZ,1,1204
AC54X42-1/4,"ARO CERAMICO 54MMX42MMX20MM C/2BARR 1/4""",PZ,52,13208
"TCER1.1/2""X1"" 27","TUBO CERAMICO 1 1/2""ØEXTx1ØINTx 27"" LONG",PZ,28,14490
BRI3ACNOM150-4,"BRIDA AC 3 Ø NOM. C/4 BARR CIEGA""",PZ,3,1218.27
TAPACINOX 1 1/2,"TAPON MACHO HEXA INOX 150 NPT 1 1/2""",PZ,1,100.85
TAPACINOX 1 1/4,"TAPON MACHO HEXA INOX 150 NPT 1 1/4""",PZ,1,96.58
TAPACINOXX2,"TAPON MACHO HEXA INOX 150 NPT 2""",PZ,16,1738.72
TAPMACHINOX1 1/2,TAPON MACHO HEXA INOX 150 ROS 1 1/2,pz,1,100.85
TAPMACHISNOROS,"TAPON MACHO HEXA INOX ROS 150 1/8""",PZ,10,255.7
TAPONMACHINOX3/4,"TAPON MACHO HEXA INOX 150 ROSC 3/4""",pz,3,105.63
TUINO1/2C40,"TUBO INOX T316 1/2"" CED40 SIN COSTURA",MT,6.1,2092.79
TUINOX1/4C40,TUBO INOX T/316 1/4 CEDULA 40/NPT,MT,6.1,1306.8
TUNP1/2C40,"TUBO NEGRO  DE 1/2 CEDULA 40 S/COSTURA""",MT,12.2,1286.12
CIFV0003,"CINTA FV 2 ANCHO X 1/16"" ESPESOR""",M,90,622.74
CIFV0004,"CINTA FIV 1ANCHO X 1/8"" ESPESOR""",MT,90,622.22
CIFV0005,"CINTA FIV 2 ANCHO X 1/8"" ESPESOR""",MT,90,1106.04
TEFV1/16,"TELA FIBRA DE VIDRIO ESPESOR 1/16""	TUS""",M,60,12571.68
BAAC1/8X3,"VARILLA A/COMUN Ø 1/8X 3 MT LONG""",M,359.6,1760.2
GAS003,GAS SPARK LASER,PZ,17,8881.99
VA00351,"TELA DE SILICON 1/16"" ESPESOR",M,2,4300
"PFC1""X24X36","PLACA FIBRA CERAMICA 1""X 24"" X 36""",PZ,12,12000
PFC1/2X24X36LD,"PLACA FIBRA CERAMICA 1/2X24""X36"" T/LD""",PZ,41,23821
"PFC2""X24""X36""","PLACA FIBRA CERAMICA 2""X24""X36""",PZ,5,10015
FICERAMICNUTEC,FIBRA CERAMICA MOLDEABLE,KG,22.7,2801.23
MAXCEMENT1300,"CEMENTO ADHESIVO 1,260°C P/CERAMICA 1GAL",PZA,1,628.9
MAXCOAT180,RECUBRIMIENTO CERAMICO 2300 1 GALON,PZA,1,2344.92
AL8020-18,ALAMBRE 8020 CAL.18,MT,469.152,6558.35
AL8020-19,ALAMBRE 8020 CAL.19,MT,707.848,8040.23
AL8020-23,ALAMBRE 8020 CAL.23,MT,1448.01,6688.87
FTATARRAJ5-40,DADO TARRAJA 5-40 20MMØ,PZ,3,857.64
GUANTE15,GUANTE  SANBLAS OTMT,PZ,3,1824.27
BAREDCELORON3/4,"BARRA REDONDA CELORON DE ø3/4""",pz,2,490.86
"BARRREDLAT2""","BARRA REDONDA LATON 2""",M,0.5,1869.7
LAMIINOX-18,LAMINA INOX T304 CAL.18,M2,14.88,13751.8
LAMINOX16,LAMINA INOX T304 CAL.16,M2,3.72,3408.8
LAMINOXT304-24,LAMINA INOX T304 MATE CAL24 3'X10',M2,54.8085,26120.44
LAMINOXT304-26,LAMINA INOX T304 MATE CAL26 3'X10',M2,18.148,13492.76
SOLAIX1/4X1,"SOLERA A/INOX T304 1/4"" X 1"" ESPESOR",PZ,10,4669.56
"SOLAIX4""X3/16""","SOLERA A/INOX T-304 3/16X4""X3.05MT",M,1,1630.31
"TUINOX1""304C","TUBING ACERO INOX TIPO 304 -  1"" Ø",MT,30.5,3618.52
TUINOX1/2C40,"TUBO INOX 304 1/2""Ø  CED. 40",M,8,1337.18
TUINOX5/16T304C,"TUBING ACERO INOX TIPO 304 - 5/16"" Ø",MT,30.5,1859.59
BRI3ACNOM150-4,"BRIDA AC 3 Ø NOM. C/4 BARR CIEGA""",PZ,7,2541
BRIAC300-6,"BRIDA AC. COMUN Ø6"" NOM 300 LBS",PZ,2,3442
BRIGACNOM 150-8,"BRIDA AC 6Ø NOM. C/8 BARR"" 150 LBS CIEGA",PZ,2,1912
CDINX9Oin1/2NPT,"CODO INOX 304  90° NPT 1/2""	TUS""",PZ,7,304.92
7 ALECON5/8,"ALETA CONTINUA DE 5/8""	TUS""",M,25,5500
ALECON7/16,"ALETA CONTINUA DE 7/16""	TUS""",MT,115,21850
ANILLO-3/16,"ANILLO P/TERMOPAR 3/16Ø INT.X1/4""Ø EXT.""",PZ,600,2200
APBAY16,"ADAPTADOR INOX 1G Ø7/16""X1 3/8""-1/8""NPT",PZ,50,1750
BAY1G3/16,"BAYONETA 1 GIRO 3/16""ØX17.5MM NIQUELADA",PZ,50,2250
BAY1G5/16,"BAYONETA 1 GIRO 5/16""ØX17.5MM NIQUELADA",PZ,50,1275
BAY2G1/4,"BAYONETA 2 GIROS 1/4""ØX17.5MM NIQUELADA",PZ,50,1300
BAY2G1/8,"BAYONETA 2 GIROS 17.5øEXT BARR 1/8"" NIQ",pz,50,1325
BAY2G3/16,"BAYONETA 2 GIROS 3/16""ØX17.5MM NIQUELADA",PZ,100,2600
BAY2G5/16,"BAYONETA 2 GIROS 5/16""ØX17.5MM NIQUELADA",PZ,50,1300
BINOX5/8X7/16X1,"BUSHING INOXIDABLE 5/8X7/16X1""	TUS""",PZ,50,5000
BOR3/161STD,"BORNE DE LATON C/CUERDA STD INT 3/16""	TU",PZ,100,400
CDROSINOX 1/4,"CONECTOR DOBLEINOX 1/4 BARRENOX1/2X1/2""""",PZ,100,12000
COROSINOX3/16,"CONECTOR INOX NPT 3/16 - 1/2"" X 1/2""""",PZ,25,3000
RES3/16X300,"RESORTE 3/16 X 300 MM""",PZ,500,5400
TORCB3/16X3/4INO,TORNILLO C/REBAJADA INOX STD 3/16X3/4 T,PZ,400,1280
TORCB3/16X3/4S/C,"TORNILLO C/REBAJADA GALV STD 3/16X3/4""	T",PZ,200,640
ESPAINOX5/16,"ESPARRAGO A/INOX 5/16 X I MT LONG""",PZ,13,698.49
CTE0.0031/2C/AD,"CINTA TEFLON C/A 0.0003X1/2""""",M,132,820
CTE0.0031C/AD,"CINTA TEFLON C/A 0.0003X1""""",M,132,1644
"CTE0.0033""C/AD","CINTA TEFLON C/A 0.0003""X3""",M,33,1132
"CTE0.005*2""CAM","CINTA TEFLON C/A 0.005""X2""",M,1386,37882.99
"CTE0.005*3""CA","CINTA TEFLON C/A 0.005""X3""",M,1683,68898.95
CTE0.005*3/4C/AD,"CINTA TEFLON C/A 0.005X3/4""",M,594,6150
CTE0.0051/2C/AD,"CINTA TEFLON C/A 0.005X1/2""",M,594,4229.99
CTE0.00511/2C/AD,"CINTA TEFLON C/A 0.005X1 1/2""""",M,99,2138.4
CTE0.0051C/AD,"CINTA TEFLON C/A 0.005X1""",M,1254,17187.98
"CTE0.0054""C/AD","CINTA TEFLON C/A 0.005""X4""",M,66,3519.78
CTE0.0101/2C/AD,"CINTA TEFLON C/A 0.010X1/2""""",M,99,797.94
CTE0.0103/4C/AD,"CINTA TEFLON C/A 0.010X3/4""""",M,99,1200
TE06,"TELA TEFLON C/A 0.003X1 MT""",M,21,9030
TE07,"TELA TEFLON C/A 0.010X1 MT""",M,440,274491.25
TTEF0005,"TELA TEFLON S/A 0.005X 1 MT""",M,40,10600
TTEF0006,"TELA TEFLON C/A 0.005X 1 MT""",M,76,38152
TTEF0027,"TELA TEFLON S/A 0.010X1 MT""",M,5,1965
VA00225,"BANDA SIN FIN 0.010""  15 x 750 mm",PZ,75,7350
VA00306,"PLANTILLA DE 0.030"" X 145CM X 116CM",PZ,4,8000
VA00350,BANDA SIN FIN 54.5 CM LARGO POR LADO,PZ,10,1050
VA00368,"BANDA DE MALLA 0.030 "" CAFE 40CM x 3.20",PZ,1,1600
VA0040,"TES 0.017"" ESP. X 1 MT ANCHO",M,1,800
CIFV0003,"CINTA FV 2 ANCHO X 1/16"" ESPESOR""",M,30,221.8
CIFV0004,"CINTA FIV 1ANCHO X 1/8"" ESPESOR""",MT,90,664.79
TEFV1/16,"TELA FIBRA DE VIDRIO ESPESOR 1/16""	TUS""",M,30,6654
CAJAALUM114X34.8,CAJA DE REGISTRO OVAL 110X34.8 ALUM,PZ,5,210.8
REDUCCION3/4,"REDUCCION 3/4"" A 1/2"" ALUMINIO",PZ,10,95.7
CTE0.0031/2C/AD,"CINTA TEFLON C/A 0.0003X1/2""""",M,132,484
CTE0.0051C/AD,"CINTA TEFLON C/A 0.005X1""",M,132,1251.72
TTEF0006,"TELA TEFLON C/A 0.005X 1 MT""",M,20,7084.02
CAJCONCH3/4,"CAJA  CONEXÒN CHICA NARANJA 1 Ø""",PZ,5,400
CAJCONG1,"CAJA CONEXIÓN GRANDE NARANJA 1 Ø""",PZ,50,4400
BRI15MMX1/2AC,"PLACA ACERO COMUN  Ø118MMX1/2""	TUS""",PZ,15,1600
PLAAC120X120,"PLACA A/COMUN 120MMX120MMX5/16"" ESP",pz,2,200
"PLAAC12X1/2""","PLACA ACERO COMUN Ø12"" X 1/2""ESP",PZ,1,600
"PLAAC155X1/2""","PLACA REDONDA ACERO COMUN ø155MMX1/2""ESP",pz,3,570
PLACAC65X65,"PLACA ACERO COMUN 65X65X1/4""	TUS""",PZ,2,100
ALECON 1/2,"ALETA CONTINUA DE 1/2""	TUS""",MT,146,21900
ALECON3/8,"ALETA CONTINUA DE 3/8""	TUS""",M,50,6750
ALECON5/16,"ALETA CONTINUA DE 5/16""	TUS""",MT,50,6750
TERCON1/8,"TERMOCONTRACTIL DE 1/8Ø""",MT,200,600
"COLCHAFC2""","COLCHA FIBRA CERAMICA 2""ESP",pz,1,3538.8
VA00159,"COLCHA DE LANA MINERAL DE 2"" ESPESOR",PZ,1,610
AICERCU,CERAMICO BASE CUADRADA HEMRA IMPORTADA,PZ,150,474
AICERCUM,CERAMICO BASE CUADRADA MACHO IMPORTADA,PZ,300,948
CERAM013A13X21,CERAMICO RANURADO CHICA IMPORTADA,PZ,800,2528
VA00379,CALIBRACION DE TERMOPAR TIPO K,pz,3,4343.37
ABRAZA1/2Ø55MM,"ABRAZADERA SIN FIN 1/2 X Ø 55 MM""",PZ,4,96.55
ESPAINOX3/16,"ESPARRAGO A/INOX 3/16X 1 MT LONG""",PZ,253,9169.6
ESPAINOX5/16,"ESPARRAGO A/INOX 5/16 X I MT LONG""",PZ,20,1180.2
ESPGAL- 3/16,"ESPARRAGO GALV 3/16X 1MT LONG""",PZ,150,2198.25
FB1364,Broca 13/64,PZ,5,107.76
FB1764,Broca 17/64,PZ,10,456.2
FDCA30-727,DISCO DE CORTE AUSTROMEX CLAVE 750,PZ,60,3582.6
FTSEGFNA,SEGUETA  FINA  DE 24 DIENTES,PZ,34,703.43
PIBR-1-1/2C,"PIJA C/HEXA PUNTA BROCA 5/32X1` 1/2""	TUS",PZ,50,40
PIJAGAL1/8X1/2,"PIJA C/GOTA GALV 1/8X1/2""	TUS""",PZ,50,18
PIJAHEX5/32X1/2,"PIJA C/HEXA PUNTA BROCA 5/32X1/2""	TUS""",PZ,150,77.55
PIJAPMAD10,PIJA PARA MADERA #10 X 2 1/2,pz,50,35
PITAB,"PIJA C/HEXA PUNTA BROCA 5/32X1""	TUS""",PZ,50,32.5
REMACHE4X10,REMACHE POP B54 4X10,pz,150,93
RONGAL5/8X15/16,RONDANA GALV 5/8X 1` 5/16,PZ,20,59.6
RONGAL9/16X1,"RONDANA GALV 9/16X1""	TUS""",PZ,200,344.8
RONINOX1X5/8,"RONDANA INOX Ø1EXT X Ø5/8INT X 1/16""ESP",PZ,75,285.24
RONINOX5/8X11/16,"RONDANA INOX 5/8 X 1 1/16""",PZ,40,142.2
RONINOX5/8X15/16,"RONDANA INOX 5/8""X 1 5/16""",PZ,40,164
RONPLAM3INOX,RONDANA PLANA GALV M3,PZ,1800,345.36
RONPLAM5INOX,RONDANA  PLANA GALV M5,PZ,2100,340.51
RONPLAM5INOXX,RONDANA PLANA INOX M5,PZ,4290,1459.01
RONPLAM8INOX,RONDANA PLANA INOX M8,PZ,200,130
TORAL1/4NC,"TORNILLO ALLEN STD 1/4X3/4""	TUS""",PZ,100,100
TORAL1/4X1/2STD,"TORNILLO ALLEN STD 1/4X1 1/2""	TUS""",PZ,200,380
TORAL5/16X3/4,"TORNILLO ALLEN STD 5/16X3/4""",PZ,50,95
TORGAL1/8X11/4,"TORNILLO C/GOTA GALV STD 1/8X1` 1/4""	TUS",PZ,100,43.1
TORGAL1/8X3/4,"TORNILLO C/GOTA GALV STD 1/8X3/4""	TUS""",PZ,500,125
TORGOT5/32,"TORNILLO C/GOTA GALV STD 5/32X1` 1/2""	TU",PZ,100,60
TORHEXINOX1/4X2,"TORNILLO C/HEXA INOX STD 1/4X2""	TUS""",PZ,220,970.2
TORINOX3/16X1/2G,"TORNILLO C/GOTA INOX STD 3/16X1/2""	TUS""",PZ,600,490
TORINOX3/16X11/4,"TORNILLO C/GOTA INOX STD 3/16 X 1 1/4""",PZ,100,171
"TORINOX3/16X20""","TORNILLO C/GOTA INOX STD 3/16X2""",PZ,100,248
TORINOX3/16X21/2,"TORNILLO C/GOTA INOX STD 3/16 X 2 1/2""",PZ,100,300
TORINOX3/16X3/4G,"TORNILLO C/GOTA INOX STD 3/16X3/4""	TUS""",PZ,374,371.23
TORNOX3/16X11/2G,"TORNILLO C/GOTA INOX STD 3/16X 1` 1/2""	T",PZ,100,190
TUERGAL1/8,"TUERCA GALV HEXA STD 1/8""	TUS""",PZ,1800,337.44
TUERGAL3/16,"TUERCA GALV STD 3/16""	TUS""",PZ,3500,804.35
TUERHINOX1/4,"TUERCA INOX HEXA STD 1/4""",PZ,420,487.2
TUERINOXH3/16,"TUERCA INOX HEXA STD 3/16""	TUS""",PZ,4885,2782.9
TUERINOXHS/16,"TUERCA INOX HEXA STD 5/16""	TUS""",PZ,200,352
TUERINOXM3,TUERCA INOX HEXA M3,PZ,70,19.4
TUERTROQ,"TUERCA GALV TROQUELADA 1/8""	TUS""",PZ,38,7.91
VARILLA1/8,"VARILLA A/INOX  Ø 1/8X 1 MT LONG""",M,23,1094.28
CORTADORCUARZO,CORTADORES DE TUBO DE CUARZO,PZ,3,880.8
BB1 1/2X1/2-300W,"BOQUILLA 11/2X1""1/2"" 300W 240V""",PZ,20,5560
BB11/2X11/2-275W,BOQUILLA DE 1 ½ Ø x 1 ½ DE ANCHO,PZ,5,1681.68
BB2X2ST,"BOQUILLA 2X2""  350W 240V""",PZ,20,6000
TAPLAST - 1/2,"TAPON DE PLASTICO DE 5/8 PARA 1/2""Ø""",PZ,5000,5650
TAPLAST - 3/8,"TAPON DE PLASTICO PARA TUBO DE  3/8""Ø""",PZ,5000,4390
TAPLAST - 5/8,"TAPON DE PLASTICO PARA TUBO DE 5/8""Ø""",PZ,3000,3750
ESPGFV-2,ESPAGUETI FV C/SILICON 2MM,pz,40,320
RONSIL5/8,"RONDANA DE SILICON DIAM. 5/8 INT. 1"" EXT",PZ,40,1120
RONTEF3/4X11/4,"RONDANA TEFLON 3/4""INT X 1 1/4""EXT.",PZ,10,700
VA00359,"RONDANA TEFLON 1/4"" INT X 5/8"" EXT",PZ,20,440
76320,FUNDENTE ULTRA F 300 H EN PASTA BLANCO,PZ,1,935.6
RPAR004,"RESISTENCIA T/PARRILLA 6 1250W 240V""",PZ,15,3404.25
RPAR016,"RESISTENCIA T/PARRILLA 8 2100W 240V""",PZ,35,8728.75
TC48-AN-J-R2,CONTROLADOR DE TEMPERATURA,PZ,4,2536.4
TE0001,TERMOSTATO CAMPINI 0° A 90°C CAP.DE 1 MT,PZ,20,4726
TE0002,TERMOSTATO CAMPINI 0° A 120°C,PZ,45,10989.9
TE0003,TERMOSTATO CAMPINI 0° A 200°C,PZ,7,1773.1
TE0004,TERMOSTATO CAMPINI 0° A 320°C 1 METRO,PZ,10,3218
TE0012,TERMOSTATO CAMPINI T/CAFETERA 0° A 55°C,PZ,105,7555.29
TE0013,TERMOSTATO CAMPINI T/CAFETERA 0° A 90°C,PZ,40,2856
TE0014,TERMOSTATO CAMPINI T/CAFETERA 0° A 110°C,PZ,20,1445
ANG1X1X1/8,"ANGULO A/COMUN DE 1""X1"" X1/8",M,12,596
ANGIN1X1X1/8,"ANGULO A/INOX 1""X1""X1/8""",M,12,1794
BAREDINOX1/4C,"BARRA REDONDA INOX 1/4 Ø""",M,6,185
BAREDINOX23/4,"BARRA REDONDA INOX 2 3/4""ø (68MM)",M,0.165,550
BARHEXINOX1 1/4C,"BARRA HEXA INOX 1`1/4""	TUS""",MT,0.2,200
"BARHEXLAT-3""","BARRA HEXA DE LATON 3""",M,0.35,4890
BARHEXLAT-3/4C,"BARRA HEXA DE LATON 3/4""	TUS""",M,3.6,2412
BARRAAL 1 1/4,BARRA REDONDA DE ALUMINIO DE 1 1/4,M,3.66,1287
BARRREDRR3/4,"BARRA REDONDA INOX 3/4""	TUS""",M,1.5,385
BARRREDRR3/8,"BARRA REDONDA INOX 3/8 Ø""",M,2.5,575
BRI15MMX1/2AC,"PLACA ACERO COMUN  Ø118MMX1/2""	TUS""",PZ,3,270
CORTE001,"CORTE DE BARRA ACERO D2 2""X1 1/2""X2 3/4""",PZ,1,1271
LAMINEGRA-16,LAMINA NEGRA CAL.16,M2,3.72,1150
LAMINEGRA-20,LAMINA NEGRA CAL.20,M2,3.72,1100
LAMINEGRA-24,LAMINA NEGRA CAL.24,M2,7.4355,2074
LAMINOX-20,LAMINA INOX T304 CAL.20,M2,7.4355,7250
LAMINOXT304-24,LAMINA INOX T304 MATE CAL24 3'X10',M2,26.01,20310
LAMINOXT304-26,LAMINA INOX T304 MATE CAL26 3'X10',M2,1,2129
"PLAAC155X1/2""","PLACA REDONDA ACERO COMUN ø155MMX1/2""ESP",pz,3,330
PLAAC168X102X1/4,"PLACA A/COMUN 168MMX102MMX 1/4""",PZ,1,60
PLACA0001,PLACA ACERO D2,PZ,4,2486
PLAIN115X115X1/4,"PLACA ACERO INOX 4` 1/2X4` 1/2""X1/4""""",PZ,4,550
PLAIN117X109X1/4,"PLACA ACERO INOX 117MM X 109MM X 1/4""ESP",pz,1,172
PLAIN254X149X1/4,"PLACA ACERO INOX 254MMX149MMX 1/4""ESP.",PZ,1,480
PLAINOX30X30X1/4,PLACA ACERO INOX 30CMX30CMX1/4,pz,6,5910
PLAINOX3X3X3/16,"PLACA DE ACERO INOX 3"" X 3"" X 3/16""",PZ,1,2610
PLAT21/2X21/2X1/,"PLACA LATON 2 1/2X2 1/2X1/4""	TUS""",PZ,4,580
SOAC1X1/8,"SOLERA A/COMUN 1X1/8"" ESPESOR""",MT,3,140.01
SOLA21/2X3/16,"SOLERA INOX 2¨ 1/2"" X  3/16"" ESPESOR",M,6,2628
SOLA3/8X1/8,SOLERA LATON 3/8 X 1/8 ESPESOR,MT,9.32,1587
SOLAIX1/4X4,"SOLERA A/INOX T304 1/4""X4"" ESP",pz,1.2,2269.99
SOLAIX1/8X4,Sin datos,pz,1.7,1377.99
SOLAL1/2X21/2,"SOLERA DE ALUMINIO 1/2"" X 2 1/2",M,1,740
"SOLAL1/2X3""","SOLERA DE ALUMINIO 1/2"" X 3""",M,1,1005
VARINOX3/16,"VARILLA A/INOX  Ø 3/16X  6 MT LONG""",M,14,570
1010200000,CLEMA TIERRA WPE6 WEIDMULLER VERDE,PZ,8,182.26
1011000000,CLEMA PORTASFUSIBLE WSI 6 FUS 5X20,pz,3,193.71
1020100000,CLEMA DE PASO WDU4 WEIDMULLER,pz,8,128.88
1100100,CABLE THHW-LS CALIBRE 10  AWG NEGRO,M,20,306.83
1100101,CABLE THHW-LS CALIBRE 10  AWG ROJO,M,20,306.83
1100102,CABLE THHW-LS CALIBRE 10  AWG AZUL,M,20,306.83
1100103,CABLE THHW-LS CALIBRE 10  AWG VERDE,M,20,306.83
1100104,CABLE THHW-LS CALIBRE 10 AWG BLANCO,MT,20,306.83
1500181,CORDON AUTOM CAL.18 AWG FLEXIBLE  ROJO,pz,20,65.02
1500183,CORDON AUTOM CAL.18 AWG FLEXIBLE VERDE,PZ,10,32.51
1500184,CORDON AUTOMOTRIZ 18 AWG BLANCO FLEX,pz,100,325
39121424,TAPA P/CLEMA WEIDMULLER WDU2.5-WDU10,pz,6,56.62
520623,FUSIBLE EUROPEO 4 AMP 250V,pz,3,30
5207/CE,CINCHO NATURAL 200X2.6,pz,100,32
5473RBE,BASE NATURAL 27X27,pz,20,49.1
9810050-ABRAZA,"ABRAZADERA UÑA TUBO RIGIDO 1/2""Ø",pz,10,13.68
9810100-ABRAZA,"ABRAZADERA UÑA TUBO RIGIDO 3/4""Ø",pz,10,11.18
AEM33/150PM,GABINETE METALICO 30CMX30CMX15CM,pz,1,700
AEMX43/200PM,GABINETE DE ACERO INOX 40CMX30CMX20CM,pz,1,3788.85
AX4-1A,CONTROLADOR DE TEM. HANYOUNG DIGITAL,PZ,6,4609.44
CLABLIND,CLAVIJA 125V 15A 2P LEVITON MOD 515PV,PZ,15,329.25
COPA1/2,"CONECTOR P/CABLE USO RUDO 1/2""	TUS""",PZ,20,112.6
COPA3/4,"CONECTOR P/CABLE USO RUDO 3/4""	TUS""",PZ,15,126.75
HLR-12-CONECTOR,"CONECTOR LIQUIDTIGHT 1/2""Ø (13MM)",pz,2,37.8
HLR-34-CONECTOR,"CONECTOR LIQUIDTIGHT 3/4""Ø (19MM)",pz,4,122.72
HUM18-2X16,MINI INTERRUPTOR DE 2 POLOS 16 AMP,pz,1,132.99
HUM18-3X32,MINI INTERRUPTOR 32AMP 3 POLOS,pz,1,225.06
LW30-32,DESCONECTADOR TRIPOLAR 32 AMP,pz,1,614.9
RELEOCTAL,RELE OCTAL 230V 10A 8 PINES,PZ,1,185.45
RM1A23D50,RELEVADOR ESTADO SOLIDO,PZ,1,673.82
TC4S-14R,CONTROLADOR DE TEMPERARTURA,PZ,2,2018.02
VA00169,CONTROL DE TEMP. DIGIAL AX2-4A,PZ,4,4069.12
VA00182,CONTROL AUTONICS MOD TC4S-24R,PZ,2,2098.84
VA00358,INTERRUPTOR LIMITE AUTOICS CM-1307,PZ,1,95.04
ZAP0094,"ZAPATA OJILLO A.T. CAL 1-0 3/8""",PZ,1,33.67
ZAP0095,"ZAPATA OJILLO A.T. CAL 1-0 1/2""",PZ,1,35.49
SOLPLAT-1/16,"VARILLA SOLDADURA/PLATA 1/16ØX18"" LONG""",PZ,955.719,172998.04
"COLFVALUM1.1/2""","COLCHA FV C/CARA ALUMINIZADA 1.1/2""",M,30.48,1796.53
THINNER,THINNER,L,20,560.34
LADRI9X41/2X21/2,"LADRILLO ALTA  9 X4 1/2X2 1/2""""",PZ,50,3430.25
MORTEROM/H-318,MORTERO REFRAC HUMEDO MH-318,pz,1,948.62
"P.CERAM 1/8""","CERAMICO PAPEL 1/8""ESP x 24"" x 125",M,38.1,4748.5
ALT-30,"ALAMBRE TIPO ""T"" CAL.30 FORRO TEFLON",MT,4,412
CABTERTR-20,CABLE P/TERMOPAR FV TIPO R CAL.20,MT,6,630
GAS0002,GAS ARGON INDUSTRIAL DE 10 M³,PZ,2,3620.69
GAS001,GAS OXIGENO INDUSTRIAL 10 M³,PZ,20,11207
MCNAN,MODULO DE CONTROL P/SELLADORA,PZ,2,2196
MIC-SELL,MICROSWITCH P/SELLADORA 18AMP 250VAC,PZ,20,1000
TRANS-SELL-50CMS,TRANSFORMADOR P/SELLADORA 50 CM 50 AMP,PZ,2,2851.2
VA00212,SELLADORA DE PEDAL 1.20 MTS LONG,PZ,2,14101.3
VA00228,"RESISTENCIA P/SELLO Y CORTE 1/4""",M,26,4940
VA00305,RES. PARA SELLO Y CORTE DE 1/8 ANCHO,M,9,1080
VA00329,SELLADORA DE PEDAL DE 50CMS,PZ,2,6260.4
VA00345,SELLADORA DE PEDAL 30CM SELLO Y CORTE,PZ,1,3109.5
BRI3ACNOM150-4,"BRIDA AC 3 Ø NOM. C/4 BARR CIEGA""",PZ,4,1001.09
BRIACINOX6NOM150,"BRIDA INOX 6""NOM 150 LBS CIEGA",PZ,2,4198
LAMIESPEJO-20,LAMINA TIPO 304 ACABADO BA C-20 4 X 10,M2,1,3916.97
TAPMACHINOX21/2,TAPON MACHO HEXA INOX 3000 NPT ROS 2 1/2,pz,17,15603.97
"COLFVALUM1.1/2""","COLCHA FV C/CARA ALUMINIZADA 1.1/2""",M,121.84,7227.88
CARBONBR,CARBON DE GRAFITO PARA SISTEMA ELECTRICO,PZ,8,370.48
PC200,SELLADORA BROTHER PCS200,PZ,6,2708.16
PC300,SELLADORA BROTHER PCS300,PZ,13,10515.18
PC400,SELLADORA BROTHER PCS400,PZ,7,7392.98
REPSEL20,REPUESTO P/SELLADORA 20 CM,PZ,15,248.1
REPSEL30,REPUESTO P/SELLADORA 30 CM,PZ,45,992.25
REPSEL40,REPUESTO P/SELLADORA 40 CM,PZ,15,413.4
AEROPACK-K-1/8,"AEROPACK TIPO ""K"" DE Ø 1/8",MT,2,340
ALEK14,"ELEMENTO TERMOPAR TIPO K"" CAL.14""",MT,30,3300
CABPT1003HILOPVC,CABLE P/PT100 3 HILOS FORRO PVC CAL.20,M,100,5500
CABPT100T4,CABLE P/PT100 4 HILOS CAL.24  TEFLON,M,100,7500
CABTERM-24,CABLE P/TERMOPAR MALLA TK CAL.24,MT,200,11200
CABTERTJ-24,CABLE P/TERMOPAR MALLA TJ CAL. 24,MT,100,3900
CER0126,"TUBO CERAMICO FUNDA 17MMØ X 36 LONG""",PZ,9,6390
CERAISON-14-28,CERAMICO OVALADO P/ ELEMENTO C-14- 2 BAR,PZ,300,2400
CERAISOV-8-2B,CERAMICO OVALADO P/ELEMENTO CAL 8 2 BARR,PZ,300,2700
CIN803.18X.127,CINTA NICROMEL 3.18X0.127X2.8OHMS,pz,2.66,10073.42
SENPT100,BULBOS RTD PT-100 CLASE B,PZ,100,8000
SENPT1000,BULBO RTD PT-1000 CLASE B,PZ,15,2700
TUPLINOX3/16X1/4,"TUBO PLICA INOX Ø INT 3/16 EXT 1/4""""",MT,100,7500
EMPLALLE,ROLLO DE PELICULA ESTRECHABLE P/EMPAQUE,PZ,13,796.17
FBUR1/4X2 1/2,BURIL COBALTO 1/4X1/4X2 1/2,PZ,10,653
FDCA30-727,DISCO DE CORTE AUSTROMEX CLAVE 750,PZ,30,1404
FHCA,Cepillo De Alambre,PZ,4,324.4
GUANTE9,GUANTE DE CARNAZA Y LONETA GU-215,PZ,10,861
LIJA120A,LIJA FANDELI GRANO 120,PZ,50,860
LIJANEG240,"HOJA LIJA NEGRA N.240 9X11""""",PZ,50,390
PASTAVERDE-TZ,Pasta Verde TENAZIT P/Acero Inoxidable,PZ,3,613.5
PIN-AER-004,Pintura en Aerosol COMEX NEGRO 400ML,PZ,6,584.4
RUEDA745,RUEDA FLAP PARA REBABE- ACABADO GRANO 80,PZ,1,555.4
THINNER,THINNER,L,65,1521
TRAPO,BOLSA DE TRAPO INDUSTRIAL,KG,20,687
TUCO1/2C,"TUBO COBRE 1/2"" T/L (0.625""ODX0.040""WT)",MT,6,672.43
TUCO1/4C,"TUBO COBRE 1/4"" T/L (0.375""ODX0.030""WT)",M,12,1080
VA00252,"CINTA FV SCOTCH 3M ADHERENTE 3/4"" Ó 18MM",PZ,2,1360.4
16AMP-6200,"TAPA SANITARIA ESTILO CLAMP 2""",PZ,2,164.24
"FTATARRAJ1""X1/8","DADO TARRAJA 1/8-27 NPT (1"")",PZ,5,697
INSUMO7,PERLA DE VIDRIO 60/80,KG,72.68,4120
LENTELASER,LENTE CAMFIVE LASER PARA CABEZAL,PZ,2,5112.2
BAAC1/8X3,"VARILLA A/COMUN Ø 1/8X 3 MT LONG""",M,62,282.13
TE0052,TERMOSTATO R.SHAW B/C 15° A 120°,PZ,10,9900
TE0056,TERMOSTATO R. SHAW C/TOPE  50° A 300°C,PZ,13,15950
TE0062,TERMOSTATO INFINITO 120V,PZ,10,3500
ESPG-12,ESPAGUETI F.V. C/ACRILICO 12MM Ø,MT,1350,21109.5
ESPG-2,ESPAGUETI F.V. C/ACRILICO 2MM Ø,MT,200,384
ESPG-25,ESPAGUETI F.V. C/ACRILICO 25MMØ,M,50,2495
ESPG-3/4,"ESPAGUETI F.V. C/ACRILICO 3/4(19MM)Ø""",M,450,14692.5
ESPG-3/8,"ESPAGUETI F.V. C/ACRILICO 3/8(9.5MM)Ø""",MT,400,4956
ESPG-6,ESPAGUETI F.V. C/ACRILICO 6MM Ø,MT,1100,6842
ESPG3MM,ESPAGUETI F.V. C/ACRILICO 3MM Ø,MT,600,1800
"ESPGFVS-1/2""","ESPAGUETI FVC/SILICON 250° 1/2""(12.5mm)",MT,100,1633
ESPGS-3/16,"ESPAGUETI FV C/SILICON 3/16""	""	MT""",M,100,575
ESPGS-5,ESPAGUETI FV C/SILICON 5MM Ø,MT,800,4824
ESPGS3/8,"ESPAGUETI FV C/SILICON 3/8""	""	MT""",M,150,1785
CERTRENA2,CERAMICO T/TREN TIPO A 2 BARR LISA,PZ,5000,1971.25
CERTRENA3,CERAMICO T/TREN TIPO A 3 BARR LISA,PZ,5000,2386.25
CERTRENA6,CERAMICO T/TREN TIPO A 6 BARR LISA,PZ,5000,4668.75
"SOLERA3""","SOLERA ACERO COMUN DE 3"" X 1/8 DE ESP.",MT,9,623.82
VA00355,ANY CUBIC RESINA TOUGH WHITE 1KG,KG,1,1200
VA00356,ALCOHOL ISOPROPILICO 5LT,L,1,920
VA00363,RESINA PLUS PRO COLOR GRIS,KG,2,1540
VA00364,PELICULA FEP POTHON MONO 4K,PZ,2,700
VA00362,ESCOBILLA DE CARBON PARA MOTOR,PZ,2,111.62
TONERHP17X,TONER GEN HP 17X,PZ,1,258.62
TONERHP85A,TONER GEN HP 85A,PZ,4,982.76
BRI3ACNOM150-4,"BRIDA AC 3 Ø NOM. C/4 BARR CIEGA""",PZ,2,951.84
PTR1 1/2-14,"PERFIL PTR 1 1/2"" CAL 14",pz,2,780
BRI3ACNOM150-4,"BRIDA AC 3 Ø NOM. C/4 BARR CIEGA""",PZ,2,709.22
TAPACINOXX21/2,"TAPON MACHO HEXA INOX 150 NPT 2 1/2""",PZ,4,837.78
TAPMACHINOX,TAPON MACHO HEXA INOX 3000 NPT ROS 1 1/2,pz,3,689.62
"TAPMACHINOX1""","TAPON MACHO HEXA INOX 3000 NPT ROS 1""",pz,2,218.24
TAPMACHINOX2,"TAPON MACHO HEXA INOX 3000 NPT ROS 2""",pz,8,1510.14
TAPMACHINOX3/4,"TAPON MACHO HEXA INOX 3000 NPT ROS 3/4""",pz,4,253.16
"COLCHAFC2""","COLCHA FIBRA CERAMICA 2""ESP",pz,1,3715.74
